Reading No,Time,Type,Duration,Units,Sigma Value,Flags,Sample,Mo,Mo Error,Mo CPS/ua,Zr,Zr Error,Zr CPS/ua,Sr,Sr Error,Sr CPS/ua,U,U Error,U CPS/ua,Rb,Rb Error,Rb CPS/ua,Th,Th Error,Th CPS/ua,Pb,Pb Error,Pb CPS/ua,Au,Au Error,Au CPS/ua,Se,Se Error,Se CPS/ua,As,As Error,As CPS/ua,Hg,Hg Error,Hg CPS/ua,Zn,Zn Error,Zn CPS/ua,W,W Error,W CPS/ua,Cu,Cu Error,Cu CPS/ua,Ni,Ni Error,Ni CPS/ua,Co,Co Error,Co CPS/ua,Fe,Fe Error,Fe CPS/ua,Mn,Mn Error,Mn CPS/ua,Cr,Cr Error,Cr CPS/ua,V,V Error,V CPS/ua,Ti,Ti Error,Ti CPS/ua,Sc,Sc Error,Sc CPS/ua,Ca,Ca Error,Ca CPS/ua,K,K Error,K CPS/ua,S,S Error,S CPS/ua,Ba,Ba Error,Ba CPS/ua,Cs,Cs Error,Cs CPS/ua,Te,Te Error,Te CPS/ua,Sb,Sb Error,Sb CPS/ua,Sn,Sn Error,Sn CPS/ua,Cd,Cd Error,Cd CPS/ua,Ag,Ag Error,Ag CPS/ua,Pd,Pd Error,Pd CPS/ua,Ce,Ce Error,Ce CPS/ua,La,La Error,La CPS/ua,Bal,Bal Error,Bal CPS/ua,Nb,Nb Error,Nb CPS/ua,Y,Y Error,Y CPS/ua,Bi,Bi Error,Bi CPS/ua,Re,Re Error,Re CPS/ua,Ta,Ta Error,Ta CPS/ua,Hf,Hf Error,Hf CPS/ua,Al,Al Error,Al CPS/ua,P,P Error,P CPS/ua,Si,Si Error,Si CPS/ua,Cl,Cl Error,Cl CPS/ua,Mg,Mg Error,Mg CPS/ua
3,8/28/2017 11:45,TestAll Geo,300.62,ppm,2,-8mm ,H006,2.35,1.52,0,193.51,3.08,0,164.97,2.82,0,<LOD,4.85,0,111.96,2.8,0,7.65,1.92,0,26.61,3.23,0,<LOD,4.29,0,<LOD,2.51,0,11.35,2.69,0,4.83,2.8,0,81.72,6.05,0,<LOD,16.58,0,35.6,8.29,0,47.82,10.01,0,143.34,58.64,0,34151.1,224.13,0,638.9,40.46,0,54.84,7.75,0,94.14,14.65,0,2885.39,49.16,0,10.86,4.39,0,22503.91,193.78,0,24130.57,275.15,0,<LOD,108.13,0,830.31,21.49,0,16.31,0.94,0,108.02,14.02,0,20.96,4.16,0,4.93,1.06,0,17.53,5.06,0,6.81,3.36,0,<LOD,6.42,0,235.89,66.39,0,198.64,31.46,0,598868.69,1330.69,0,12.26,1.81,0,22.84,1.83,0,<LOD,78.97,0,<LOD,1.5,0,<LOD,1.5,0,<LOD,1.5,0,57599.75,1016.43,0,3033.83,81.04,0,244275.09,981.68,0,<LOD,12.18,0,8720.59,3009.08,0
55,8/29/2017 13:48,TestAll Geo,301.57,ppm,2,-8mm ,H006,2.56,1.52,0,165.02,2.94,0,157.82,2.81,0,<LOD,4.67,0,101.23,2.71,0,8.54,1.95,0,23.8,3.18,0,<LOD,4.36,0,<LOD,2.57,0,13.15,2.7,0,4.42,2.86,0,74.5,5.95,0,<LOD,16.73,0,28.06,8.19,0,65.22,10.25,0,<LOD,85.44,0,32159.07,219.96,0,647.59,41.06,0,61.9,8.24,0,102.85,15.87,0,3130.02,53.23,0,10.05,4.75,0,23553.43,199.77,0,22521.57,268.46,0,<LOD,108.64,0,1032.58,22.62,0,18.65,0.96,0,146.31,14.46,0,24.17,4.24,0,5.5,1.08,0,20.45,5.16,0,9.38,3.45,0,<LOD,6.56,0,198.68,66.32,0,191.1,31.51,0,541150.69,1537.8,0,12.6,1.83,0,21.31,1.81,0,<LOD,80.2,0,<LOD,1.5,0,<LOD,1.5,0,<LOD,1.5,0,75451.44,1231.36,0,3079.92,84.2,0,278674.75,1047.59,0,<LOD,11.78,0,16588.82,3207.64,0
5,8/28/2017 12:06,TestAll Geo,300.1,ppm,2,-8mm ,H045,3.97,1.57,0,185.31,3.21,0,296.81,3.79,0,<LOD,5.25,0,126.91,3.03,0,5.2,1.85,0,7.98,2.59,0,6.35,3.12,0,<LOD,2.61,0,10,2.27,0,<LOD,7.79,0,63.82,5.82,0,<LOD,17.85,0,23.82,8.43,0,60.9,10.4,0,<LOD,75.69,0,24974.03,193.84,0,604.3,39.96,0,102.79,23.83,0,45.86,13.09,0,1897.17,46.72,0,40.62,13.24,0,159137.45,654.17,0,10824.03,198.93,0,330.3,20.35,0,548.87,21.07,0,12.76,0.97,0,85.1,14.48,0,19.42,4.33,0,2.81,1.09,0,<LOD,7.61,0,6.32,3.49,0,<LOD,6.61,0,238.98,69.07,0,173.26,32.63,0,487592.81,1609.15,0,11.72,1.79,0,17.78,1.81,0,<LOD,76.24,0,<LOD,1.5,0,<LOD,1.5,0,<LOD,1.5,0,57118.09,1519.14,0,1722.8,96.57,0,225852.75,950.63,0,56.75,11.23,0,27012.87,5651.84,0
56,8/29/2017 13:56,TestAll Geo,301.96,ppm,2,-8mm ,H045,3.8,1.6,0,180.98,3.25,0,294.82,3.86,0,<LOD,5.36,0,130.21,3.12,0,7.5,1.95,0,5.27,2.52,0,<LOD,4.42,0,<LOD,2.56,0,11.5,2.28,0,<LOD,8.01,0,58.14,5.82,0,22.16,12.39,0,25.61,8.74,0,63.49,10.76,0,86.03,50.98,0,23972.94,193.86,0,501.48,38.89,0,84.9,24.37,0,39,12.48,0,1769.8,44.76,0,38.83,12.97,0,164438.77,683.13,0,10885.51,200.98,0,485.54,22.45,0,578.98,21.92,0,14.44,1.01,0,85.3,14.96,0,22.04,4.5,0,3.75,1.13,0,<LOD,7.91,0,7.98,3.64,0,<LOD,6.97,0,269.77,71.3,0,225.97,33.88,0,483708.81,1619.28,0,11.85,1.85,0,16.87,1.85,0,<LOD,80.29,0,<LOD,1.5,0,<LOD,1.5,0,<LOD,1.5,0,57275.23,1543.77,0,1555.43,99.24,0,233911.98,975.56,0,140.62,12.25,0,18298.25,5651.85,0
6,8/28/2017 12:23,TestAll Geo,301.39,ppm,2,-8mm ,H047,2.53,1.64,0,167.84,3.61,0,673.77,5.93,0,7.27,3.98,0,128.65,3.25,0,8.16,2.14,0,26.52,3.54,0,<LOD,4.94,0,<LOD,2.9,0,19.05,3.1,0,<LOD,8.27,0,85.55,6.68,0,<LOD,18.84,0,33.49,9.47,0,65.75,11.46,0,101.04,60.77,0,31888.14,233.36,0,476.42,40.62,0,45.81,6.84,0,77.48,12.84,0,2435.59,43.91,0,21.19,7.15,0,79094.29,429.91,0,21919.48,276.2,0,944.17,24.45,0,756.6,24.49,0,16.47,1.1,0,112.06,16.28,0,21.12,4.82,0,3.78,1.22,0,<LOD,8.57,0,10.55,3.97,0,<LOD,7.41,0,212.27,74.8,0,185.83,35.47,0,495968.06,1741.81,0,13.14,1.97,0,18.62,1.97,0,<LOD,87.29,0,<LOD,1.5,0,<LOD,1.5,0,<LOD,1.5,0,92510.06,1810.12,0,833.63,88.45,0,251442.13,1027.09,0,<LOD,15.88,0,18004.98,4627.82,0
58,8/29/2017 14:19,TestAll Geo,301.66,ppm,2,-8mm ,H047,<LOD,3.09,0,158.29,4.54,0,665.05,7.53,0,<LOD,7.35,0,122.67,4.05,0,6.45,2.64,0,21.84,4.27,0,<LOD,5.84,0,<LOD,3.47,0,20.33,3.85,0,<LOD,10.17,0,78.38,8.32,0,<LOD,24.34,0,18.3,11.48,0,48.54,14.16,0,<LOD,114.85,0,31228.46,291.87,0,466.91,51.22,0,47.82,7.21,0,77.23,13.37,0,2657.67,46.25,0,21.57,7.7,0,82068.97,506.27,0,21705.18,281.15,0,1060.9,25.3,0,571.36,22.59,0,10.54,1.03,0,60.47,15.2,0,12.64,4.54,0,2.1,1.15,0,8.64,5.49,0,6.8,3.72,0,<LOD,7.04,0,<LOD,105.12,0,136.04,33.33,0,487023,2259.71,0,14.33,2.5,0,18.75,2.47,0,<LOD,109.17,0,<LOD,1.5,0,<LOD,1.5,0,<LOD,1.5,0,90721.54,1840.16,0,924.66,89.73,0,256312.41,1176.13,0,35.38,11.65,0,21850.09,4746.6,0
7,8/28/2017 12:35,TestAll Geo,301.83,ppm,2,-8mm ,H052,<LOD,2.3,0,182.28,3.06,0,129.95,2.59,0,<LOD,5.03,0,119.46,2.95,0,10.74,2.09,0,33.57,3.54,0,6.45,3.12,0,<LOD,2.59,0,13.45,2.95,0,<LOD,4.34,0,85.54,6.29,0,<LOD,17.22,0,40.8,8.68,0,78.78,10.77,0,163.7,64.41,0,38795.9,244.67,0,556.82,40.73,0,66.29,8.14,0,95.9,14.92,0,3183.42,50.79,0,<LOD,5.57,0,15097.52,161.88,0,21373.05,265.13,0,73.42,13.04,0,865.27,22.6,0,22.34,1.01,0,161.28,15.09,0,34.3,4.48,0,8.39,1.15,0,21.18,5.35,0,9.28,3.57,0,<LOD,6.76,0,361.44,68.68,0,257.55,32.49,0,533341.06,1605.27,0,13.82,1.9,0,22.13,1.9,0,<LOD,87.48,0,<LOD,1.5,0,<LOD,1.5,0,<LOD,1.5,0,88163.24,1329.39,0,2392.62,77.86,0,275153.53,1056.13,0,<LOD,11.16,0,18663.01,3148.09,0
8,8/28/2017 12:53,TestAll Geo,301.81,ppm,2,-8mm ,H052,<LOD,2.35,0,180.33,3.1,0,134.02,2.68,0,<LOD,5.25,0,135.11,3.16,0,8.98,2.08,0,28.34,3.43,0,<LOD,4.58,0,<LOD,2.59,0,9.57,2.81,0,<LOD,7.9,0,91.3,6.56,0,<LOD,17.9,0,29.92,8.91,0,90.06,11.24,0,<LOD,95.39,0,37328.43,246.09,0,2272.37,64.18,0,65.75,7.44,0,85.72,13.55,0,2729.44,45.72,0,7.77,3.4,0,15867.21,174.13,0,25091.75,297.07,0,230.76,72.68,0,645.04,22,0,13.85,1,0,90.01,14.81,0,17.35,4.4,0,2.86,1.11,0,13.15,5.33,0,<LOD,5.3,0,<LOD,6.62,0,154.93,71.36,0,186.35,34.01,0,507859,1660.23,0,11.65,1.91,0,21.51,1.96,0,<LOD,85.55,0,<LOD,1.5,0,<LOD,1.5,0,<LOD,1.5,0,87361.08,1443.31,0,549.98,80.02,0,302116.41,1139.81,0,<LOD,13.41,0,15141.77,3505.14,0
59,8/29/2017 14:26,TestAll Geo,300.01,ppm,2,-8mm ,H052,<LOD,2.23,0,171.76,2.89,0,130.91,2.52,0,<LOD,4.9,0,124.29,2.9,0,7.82,1.92,0,24.86,3.14,0,<LOD,4.21,0,<LOD,2.47,0,13.16,2.67,0,<LOD,7.2,0,84.83,6.05,0,<LOD,16.28,0,45.07,8.42,0,61.58,10.13,0,163.05,60.58,0,36853.95,231.64,0,652.48,40.43,0,77.26,8.44,0,88.41,15.15,0,3235.03,51.84,0,5.98,3.98,0,16773.07,171.55,0,22958.13,275.84,0,63.65,13.63,0,594.59,20.62,0,12.71,0.94,0,99.87,14.12,0,14.96,4.16,0,4.16,1.07,0,16.87,5.11,0,9.34,3.44,0,<LOD,6.35,0,<LOD,95.8,0,151.72,30.51,0,523116.94,1556.08,0,14.31,1.82,0,21.51,1.83,0,<LOD,79.65,0,<LOD,1.5,0,<LOD,1.5,0,<LOD,1.5,0,85105.95,1350.63,0,1493.37,79.29,0,289962.81,1060.24,0,<LOD,12.11,0,17222.95,3297.06,0
60,8/29/2017 14:33,TestAll Geo,301.85,ppm,2,-8mm ,H053,<LOD,2.21,0,179.41,2.92,0,131.45,2.51,0,<LOD,4.94,0,129.47,2.94,0,9.85,1.97,0,27.13,3.2,0,<LOD,4.23,0,<LOD,2.43,0,8.85,2.6,0,<LOD,7.08,0,87.09,6.04,0,<LOD,15.99,0,37.34,8.16,0,67.17,10.04,0,90.63,57.92,0,34737.96,222.93,0,917.99,44.11,0,62.67,8.31,0,100.63,15.44,0,3264.52,52.34,0,9.66,3.75,0,14011,156.03,0,22987.45,271.58,0,91.29,13.23,0,712.38,21.13,0,16.85,0.96,0,117.61,14.24,0,29.54,4.29,0,4.97,1.08,0,19.82,5.15,0,11.39,3.48,0,9.66,4.46,0,221.44,63.49,0,214.04,30.19,0,511683.59,1567.64,0,14.15,1.82,0,19.83,1.82,0,<LOD,81.68,0,<LOD,1.5,0,<LOD,1.5,0,<LOD,1.5,0,87869.95,1337.76,0,541.48,74.94,0,305659.63,1082.98,0,<LOD,11.89,0,15349.83,3127.77,0
9,8/28/2017 13:07,TestAll Geo,300.03,ppm,2,-8mm ,H056,4.13,1.76,0,300.72,3.94,0,73.05,2.15,0,<LOD,5.16,0,111.35,3.04,0,7.7,2.2,0,51.34,4.34,0,<LOD,4.93,0,<LOD,2.82,0,<LOD,4.96,0,<LOD,8.66,0,98.49,7.13,0,<LOD,20.15,0,58.17,10.26,0,133.96,12.78,0,<LOD,119.65,0,50618.15,302.6,0,448.04,42.71,0,131.65,8.17,0,120.71,16.79,0,5755.13,60.96,0,<LOD,4.4,0,12047.57,149.24,0,12275.98,224.22,0,244.1,17.28,0,589.62,23.69,0,18.91,1.11,0,127.66,16.53,0,29.45,4.95,0,7.13,1.27,0,22.03,5.98,0,10.63,4,0,<LOD,7.51,0,263.01,74.84,0,261.62,35.74,0,572959.69,1503.11,0,32.9,2.2,0,27.26,2.07,0,<LOD,89.4,0,<LOD,1.5,0,<LOD,1.5,0,<LOD,1.5,0,75222.67,1424.54,0,744.25,76.57,0,262986.16,1078.65,0,1655.23,17.67,0,<LOD,6580.91,0
61,8/29/2017 14:41,TestAll Geo,301.11,ppm,2,-8mm ,H056,2.45,1.6,0,292.49,3.6,0,75.18,2.01,0,4.86,3.18,0,105.62,2.75,0,9.24,1.99,0,25.26,3.21,0,4.73,2.97,0,<LOD,2.5,0,<LOD,3.68,0,10.07,4.92,0,71.92,5.83,0,<LOD,16.24,0,40.24,8.35,0,96.67,10.69,0,129.42,64.76,0,40471.99,245.59,0,397.99,37.54,0,161,10.98,0,175.15,23.14,0,8301.6,84.03,0,<LOD,3.21,0,2457.53,75.23,0,15947.04,240.22,0,<LOD,122.04,0,517.59,18.85,0,15.21,0.89,0,111.91,13.26,0,21.09,3.93,0,3.77,0.99,0,13.31,4.72,0,8.98,3.2,0,<LOD,6.06,0,212.73,61.82,0,192.02,29.33,0,466632.69,1694.02,0,32.49,2.02,0,24.75,1.86,0,<LOD,81.62,0,<LOD,1.5,0,<LOD,1.5,0,<LOD,1.5,0,110683.05,1480.33,0,364.45,74.98,0,344594.31,1147.83,0,<LOD,10.56,0,8035.73,2794.5,0
11,8/28/2017 13:21,TestAll Geo,300.02,ppm,2,-8mm ,H057,<LOD,2.3,0,174.92,3.13,0,292.16,3.75,0,5.53,3.08,0,75.04,2.42,0,6.97,1.86,0,21.27,3.08,0,<LOD,4.48,0,<LOD,2.52,0,11.33,2.61,0,4.29,2.8,0,54.15,5.51,0,<LOD,17.14,0,25.17,8.24,0,47.13,10.01,0,<LOD,69.91,0,21516.78,178.16,0,515.55,38.02,0,103.53,22.51,0,53.65,13.19,0,1972.72,46.3,0,40.8,11.84,0,129529.18,572.62,0,16790.13,233.52,0,178.87,18.5,0,606.97,20.49,0,14.68,0.94,0,98.54,14,0,20.87,4.17,0,3.73,1.05,0,<LOD,7.37,0,6.63,3.36,0,<LOD,6.4,0,241.68,66.45,0,214.82,31.59,0,520280.75,1474.42,0,8.72,1.74,0,17.62,1.67,0,<LOD,74.4,0,<LOD,1.5,0,<LOD,1.5,0,<LOD,1.5,0,50718.06,1303.52,0,1749.58,96.59,0,245333.95,987.89,0,84.46,11.33,0,8503.99,4708.63,0
62,8/29/2017 14:48,TestAll Geo,300.56,ppm,2,-8mm ,H057,2.73,1.48,0,130.59,2.75,0,238.44,3.36,0,5.13,2.91,0,66.05,2.26,0,4.41,1.72,0,16.51,2.86,0,<LOD,4.43,0,<LOD,2.56,0,13.68,2.52,0,6.75,2.88,0,45.77,5.25,0,<LOD,17.17,0,27.98,8.29,0,43.95,9.88,0,<LOD,62.75,0,17433.46,157.41,0,710.29,40.48,0,85.26,20.32,0,33.8,10.76,0,1363.94,38.3,0,33.99,11.81,0,150103.2,621.44,0,12307.4,198.15,0,429.13,20.95,0,597.34,21.46,0,17.52,1,0,130.75,14.98,0,28.05,4.46,0,5.18,1.13,0,16.95,5.33,0,9.68,3.6,0,<LOD,6.67,0,203.39,69.1,0,200.22,32.89,0,586057.94,1311.18,0,6.29,1.65,0,12.6,1.54,0,<LOD,68.87,0,<LOD,1.5,0,<LOD,1.5,0,<LOD,1.5,0,36871.1,1095.42,0,1634.73,87.28,0,181704.34,872.93,0,146.3,11.76,0,8732.79,4698.26,0
12,8/28/2017 13:52,TestAll Geo,300,ppm,2,-8mm ,H058,<LOD,2.28,0,239.72,3.28,0,104.38,2.28,0,<LOD,4.52,0,94.71,2.58,0,8.49,1.88,0,21.14,3,0,<LOD,4.31,0,<LOD,2.45,0,3.88,2.36,0,<LOD,7.16,0,72,5.74,0,<LOD,16.25,0,20.78,7.81,0,68.83,10.02,0,89.3,51.62,0,27663.29,197.73,0,303.98,33.77,0,37.8,7.04,0,76.7,13.15,0,2801.57,45.19,0,<LOD,7.6,0,31490.16,219.15,0,17503.05,221.62,0,83.2,12.72,0,808.87,21.9,0,22.11,0.99,0,174.59,14.91,0,39.8,4.45,0,8.59,1.13,0,26,5.32,0,9.06,3.5,0,13.53,4.64,0,135.11,64.27,0,181.6,30.66,0,515042.84,1555.09,0,9.98,1.75,0,21.61,1.75,0,<LOD,76.97,0,<LOD,1.5,0,<LOD,1.5,0,<LOD,1.5,0,77523.59,1223.38,0,408.31,74.05,0,307179,1071.42,0,<LOD,10.84,0,17652.7,3095.2,0
63,8/29/2017 14:56,TestAll Geo,300.38,ppm,2,-8mm ,H058,2.38,1.51,0,229.17,3.16,0,107.24,2.26,0,7.64,3.09,0,101.48,2.62,0,11.85,1.96,0,24.3,3.07,0,<LOD,4.27,0,<LOD,2.46,0,<LOD,3.51,0,<LOD,7.15,0,64.97,5.51,0,19.93,10.81,0,47.55,8.07,0,58.19,9.58,0,<LOD,79.25,0,30159.25,202.96,0,275.4,32.73,0,63.5,8.96,0,97.62,16.53,0,3506.13,56.45,0,9.24,5.21,0,23324.13,192.54,0,21078.12,253.37,0,34.79,12.37,0,571.03,18.32,0,12.21,0.84,0,77.13,12.45,0,14.1,3.7,0,3.12,0.94,0,9.06,4.46,0,<LOD,4.47,0,<LOD,5.74,0,167.8,59.55,0,176.85,28.3,0,439313,1675.74,0,11.79,1.78,0,24.99,1.79,0,<LOD,80.23,0,<LOD,1.5,0,<LOD,1.5,0,<LOD,1.5,0,86316.02,1413.43,0,453.68,85.58,0,369733.06,1163.23,0,<LOD,11.5,0,23776.72,3477.71,0
13,8/28/2017 14:05,TestAll Geo,302.16,ppm,2,-8mm ,H060,<LOD,2.07,0,101.01,2.41,0,215.71,3.07,0,<LOD,4.34,0,85.41,2.39,0,6.03,1.72,0,16.69,2.75,0,<LOD,4.03,0,2.94,1.61,0,5.86,2.22,0,7.85,2.76,0,54.9,5.14,0,<LOD,15.34,0,37.56,7.72,0,62.69,9.37,0,<LOD,65.98,0,21913.12,170.31,0,492.35,35.45,0,53.57,8.52,0,92.76,14.43,0,2703.22,49.72,0,39.68,9.46,0,72891.33,368.54,0,20048.63,236.53,0,63.95,13.98,0,455.33,17.83,0,14.23,0.85,0,103.1,12.69,0,18.93,3.76,0,4.08,0.95,0,11.75,4.52,0,<LOD,4.49,0,<LOD,5.81,0,164.22,58.36,0,146.34,27.61,0,543028.31,1432.66,0,6.03,1.62,0,12.08,1.54,0,<LOD,70.29,0,<LOD,1.5,0,<LOD,1.5,0,<LOD,1.5,0,69692.55,1300.28,0,916.38,78.53,0,251871.7,961.24,0,<LOD,11.64,0,14513.36,3667.25,0
64,8/29/2017 15:03,TestAll Geo,300.29,ppm,2,-8mm ,H060,2.51,1.53,0,108.83,2.72,0,234.85,3.5,0,<LOD,4.66,0,79.27,2.54,0,7.04,1.91,0,15.18,2.94,0,<LOD,4.48,0,<LOD,2.54,0,7.56,2.45,0,8.31,3.06,0,51.37,5.64,0,<LOD,17.75,0,18.81,8.81,0,33.81,10.51,0,<LOD,72.04,0,21470.97,183.86,0,489.03,38.77,0,32.55,5.35,0,52.3,8.78,0,1500.01,30.08,0,28.12,6.13,0,78218.2,407.3,0,16593.14,222.88,0,186.32,63.1,0,543.13,23.46,0,18.35,1.11,0,138.1,16.66,0,32.52,4.99,0,5.93,1.26,0,20.94,5.97,0,12.89,4.06,0,<LOD,7.34,0,167.83,74.11,0,203.06,35.37,0,656942,1201.31,0,7.6,1.8,0,13.79,1.69,0,<LOD,78.24,0,<LOD,1.5,0,<LOD,1.5,0,<LOD,1.5,0,36173.96,916.2,0,592.73,74.44,0,185140.44,901.99,0,<LOD,15.2,0,<LOD,5383.35,0
14,8/28/2017 14:43,TestAll Geo,300.1,ppm,2,-8mm ,H066,2.86,1.58,0,310.25,3.62,0,100.4,2.22,0,4.82,3,0,93.53,2.55,0,10.81,1.96,0,28.59,3.23,0,<LOD,4.2,0,<LOD,2.36,0,5.63,2.55,0,<LOD,6.98,0,63.08,5.47,0,<LOD,15.77,0,23.95,7.79,0,58.77,9.81,0,<LOD,83.69,0,33073.7,215.87,0,240.3,32.78,0,98.24,8.65,0,86.12,15.71,0,3866.37,54.9,0,<LOD,5.76,0,15188.21,154.63,0,16562.46,228.86,0,<LOD,110.01,0,559.08,20.09,0,14.52,0.93,0,128.75,14.12,0,23.18,4.17,0,6.16,1.07,0,19.53,5.07,0,10.35,3.41,0,11.27,4.42,0,<LOD,92.01,0,114.34,29.23,0,486810.5,1568.4,0,15.88,1.83,0,24.61,1.79,0,<LOD,79.6,0,<LOD,1.5,0,<LOD,1.5,0,<LOD,1.5,0,83439.35,1259.42,0,326.61,77.55,0,346515.5,1139.34,0,<LOD,10.82,0,11716.01,2951.58,0
65,8/29/2017 15:16,TestAll Geo,301.07,ppm,2,-8mm ,H066,3.48,1.67,0,259.07,3.6,0,86.51,2.24,0,<LOD,4.75,0,90.7,2.69,0,9.14,2.03,0,23.63,3.3,0,<LOD,4.57,0,<LOD,2.66,0,<LOD,3.88,0,<LOD,8.01,0,69.74,6.17,0,<LOD,18.39,0,17.12,8.87,0,55.81,10.99,0,<LOD,83.58,0,28499.46,214.2,0,206.02,33.92,0,45.8,5.51,0,48.59,9.88,0,2234.52,34.26,0,<LOD,3.66,0,13652.82,146.59,0,15730.67,223.15,0,102.95,49.54,0,621.43,23.87,0,17.46,1.11,0,132.77,16.57,0,30.9,4.97,0,6.74,1.27,0,25.22,6.03,0,14.37,4.08,0,<LOD,7.63,0,<LOD,107.4,0,153.17,34.08,0,558670.19,1502.51,0,12.75,1.92,0,23.07,1.89,0,<LOD,83.51,0,<LOD,1.5,0,<LOD,1.5,0,<LOD,1.5,0,61350.59,1065.02,0,553.39,79.23,0,310649.56,1187.45,0,<LOD,13.48,0,5266.68,3000.03,0
15,8/28/2017 15:17,TestAll Geo,302.21,ppm,2,-8mm ,H076,<LOD,2.28,0,124.55,2.98,0,440.27,4.62,0,<LOD,5.27,0,115.18,2.94,0,8.34,2.02,0,24.06,3.27,0,6.41,3.2,0,3.17,1.84,0,7.94,2.65,0,<LOD,7.92,0,94.83,6.56,0,<LOD,17.92,0,37.66,8.84,0,101.91,11.2,0,110.4,61.46,0,35124.61,237.64,0,876.09,45.53,0,82.33,9.56,0,114.47,16.72,0,3008.5,58.04,0,61.06,12.64,0,124095.74,567.07,0,25210.8,301.26,0,1907.19,32.25,0,585.91,21.49,0,16.42,1,0,102.33,14.79,0,21.4,4.41,0,5.05,1.13,0,15.91,5.33,0,9.5,3.6,0,<LOD,6.85,0,208.28,67.54,0,179.61,32.02,0,424660.25,1760.7,0,11.46,1.84,0,20.86,1.85,0,<LOD,81.07,0,<LOD,1.5,0,<LOD,1.5,0,<LOD,1.5,0,94741.73,2084.33,0,1421.97,103.4,0,270679.25,1013.09,0,748.87,15.73,0,14066.84,5531.19,0
66,8/29/2017 15:42,TestAll Geo,300.45,ppm,2,-8mm ,H076,<LOD,3.58,0,120.89,4.71,0,445.96,7.37,0,<LOD,8.21,0,115.66,4.64,0,6.62,3.12,0,20.59,4.99,0,<LOD,7.23,0,<LOD,4.23,0,8.65,4.12,0,<LOD,13.6,0,91.3,10.52,0,<LOD,30.98,0,50.91,15.6,0,99.87,18.67,0,<LOD,149.43,0,36369.04,381.34,0,963.16,74.2,0,63.2,6.77,0,80.43,11.58,0,1953.74,39.79,0,48.36,8.83,0,124255.38,784.09,0,24123.25,310.78,0,2035.59,36.88,0,615.53,26.1,0,16.01,1.21,0,111.31,17.93,0,23.81,5.34,0,4.92,1.36,0,15.37,6.42,0,9.01,4.33,0,<LOD,8.16,0,207.22,80.47,0,220.11,38.4,0,411293.09,2956.65,0,12.3,2.91,0,19.49,2.9,0,<LOD,127.16,0,<LOD,1.5,0,<LOD,1.5,0,<LOD,1.5,0,96798.13,2402.68,0,1289.97,108.95,0,262247.44,1261.81,0,1176.8,20.42,0,33176.84,6647.42,0
16,8/28/2017 15:35,TestAll Geo,302.13,ppm,2,-8mm ,H077,<LOD,2.32,0,196.22,3.17,0,185.89,3.03,0,<LOD,5.02,0,118.48,2.92,0,10.57,2.04,0,18.63,3,0,<LOD,4.38,0,<LOD,2.48,0,27.37,2.91,0,5.5,3,0,58.07,5.53,0,<LOD,16.29,0,25.04,8.02,0,72.07,10.36,0,<LOD,97.51,0,40430.74,249.16,0,1462.99,53.47,0,66.6,10.07,0,92.56,19.82,0,2909.71,64.5,0,10.24,4.73,0,15984.3,165.78,0,15162.34,232.31,0,49.72,11.91,0,1311.72,22.56,0,16.79,0.9,0,118.75,13.47,0,24.62,4,0,4.94,1.02,0,13.9,4.78,0,8.69,3.25,0,6.8,4.16,0,171.62,61.79,0,189.55,29.41,0,562790.63,1451.57,0,21.39,1.95,0,24.21,1.9,0,<LOD,83.99,0,<LOD,1.5,0,<LOD,1.5,0,<LOD,1.5,0,75461.79,1129.98,0,3121.83,79.54,0,272523.63,1030.74,0,<LOD,10.68,0,6969.15,2730.99,0
67,8/29/2017 15:51,TestAll Geo,301.46,ppm,2,-8mm ,H077,<LOD,2.27,0,182.97,3.07,0,190.56,3.05,0,<LOD,5.05,0,130.25,3.02,0,10.72,2.04,0,21.02,3.07,0,7.12,3.06,0,<LOD,2.52,0,22.04,2.83,0,<LOD,4.31,0,67.44,5.72,0,<LOD,16.21,0,30.15,7.99,0,65.87,10.1,0,<LOD,93.21,0,37984.24,239.47,0,1194.93,49.34,0,66.04,9.7,0,88.32,19,0,2930.86,62.08,0,10.8,4.58,0,15336.43,156.34,0,15973.97,226.42,0,117.1,11.89,0,1413.32,22.69,0,19.67,0.9,0,132.9,13.42,0,28.14,3.99,0,5.91,1.01,0,16.96,4.78,0,8.27,3.21,0,<LOD,6.09,0,258.85,61.97,0,226.95,29.45,0,542539.5,1521.59,0,23.04,1.96,0,22.38,1.89,0,<LOD,84.39,0,<LOD,1.5,0,<LOD,1.5,0,<LOD,1.5,0,82667.52,1191.97,0,2667.08,76.67,0,282467.31,1041.25,0,18.17,7.64,0,12813.37,2777.39,0
17,8/28/2017 15:47,TestAll Geo,301.32,ppm,2,-8mm ,H078,<LOD,2.23,0,219.73,3.14,0,140.21,2.55,0,<LOD,4.45,0,105.54,2.64,0,8.75,1.84,0,16.75,2.78,0,<LOD,4.17,0,<LOD,2.35,0,12.66,2.42,0,6.18,2.82,0,42.03,4.86,0,<LOD,15.34,0,17.22,7.31,0,58.7,9.42,0,<LOD,70.62,0,24807.28,183.12,0,386.74,34.44,0,121.67,18.35,0,58.08,15.3,0,2532.59,50.74,0,6.25,3.89,0,14045.82,140.79,0,17173.13,217.26,0,152.66,12.18,0,917.4,19.29,0,13.44,0.82,0,80.98,12.15,0,15.19,3.61,0,3.75,0.92,0,6.66,4.32,0,<LOD,4.34,0,<LOD,5.61,0,119.02,57.83,0,167,27.55,0,563158.31,1416.21,0,17.93,1.8,0,17.08,1.7,0,<LOD,81.77,0,<LOD,1.5,0,<LOD,1.5,0,<LOD,1.5,0,71725.63,1042.21,0,1773.02,73.31,0,293988.94,1061.68,0,85.19,8,0,7883.81,2515.07,0
68,8/29/2017 15:58,TestAll Geo,301.95,ppm,2,-8mm ,H078,<LOD,2.23,0,201.49,3.05,0,139.81,2.57,0,<LOD,4.63,0,107.53,2.69,0,8.91,1.87,0,19.33,2.9,0,<LOD,4.13,0,<LOD,2.39,0,11.27,2.46,0,6.13,2.82,0,43.23,4.89,0,<LOD,14.95,0,21.98,7.41,0,57.99,9.42,0,<LOD,71.82,0,25386.89,187.41,0,373.45,34.29,0,44.82,8.36,0,68.18,15.49,0,2625.94,51.27,0,7.14,3.92,0,13466.87,136.58,0,16640.17,211.78,0,219.87,12.42,0,971.26,19.53,0,14.07,0.82,0,81.83,12.18,0,20.26,3.66,0,3.19,0.92,0,10.48,4.37,0,5.09,2.93,0,<LOD,5.64,0,150.64,56.95,0,162.19,27.03,0,556515.38,1444.18,0,18.86,1.83,0,16.13,1.71,0,<LOD,77.73,0,<LOD,1.5,0,<LOD,1.5,0,<LOD,1.5,0,72613.76,1050.45,0,1549.31,72.25,0,298099.81,1079.34,0,163.21,8.18,0,9970.82,2530.66,0
18,8/28/2017 15:59,TestAll Geo,301.28,ppm,2,-8mm ,H079,<LOD,2.26,0,224.2,3.11,0,69.67,1.89,0,5.72,3,0,95.41,2.55,0,6.17,1.82,0,26.66,3.14,0,<LOD,4.22,0,<LOD,2.41,0,16.19,2.72,0,8.39,2.91,0,106.63,6.43,0,<LOD,15.86,0,84.69,8.84,0,57.6,9.66,0,<LOD,92.55,0,40091.25,237.5,0,731.14,41.33,0,76.02,10.18,0,130.03,18.42,0,3430.08,60.95,0,<LOD,4.6,0,6497.84,110.54,0,23347.8,280.47,0,29.06,11.53,0,564.21,18.1,0,11.8,0.83,0,77.11,12.33,0,15.72,3.67,0,2.9,0.93,0,6.58,4.38,0,<LOD,4.41,0,<LOD,5.56,0,142.08,59.04,0,160.18,28.04,0,556688.75,1440.92,0,16.44,1.78,0,20.11,1.71,0,<LOD,75.08,0,<LOD,1.5,0,<LOD,1.5,0,<LOD,1.5,0,82609.58,1185.96,0,2127.08,74.09,0,273760.16,1006.68,0,<LOD,10.24,0,9337.68,2735.93,0
69,8/29/2017 16:05,TestAll Geo,301.82,ppm,2,-8mm ,H079,3.17,1.43,0,141.25,2.55,0,63.81,1.79,0,<LOD,4.26,0,94.3,2.48,0,8.33,1.81,0,19.73,2.85,0,<LOD,3.99,0,<LOD,2.3,0,13.14,2.46,0,9.06,4.59,0,79.02,5.82,0,<LOD,15.03,0,280.98,11.78,0,40.06,9.18,0,101.06,52.58,0,30499.78,202.01,0,690.65,39.34,0,61.97,8.92,0,84.28,13.52,0,1840.25,42.78,0,<LOD,3.19,0,3581.88,74.63,0,12365.51,196.69,0,86.13,11.82,0,373.99,16.43,0,3.77,0.76,0,<LOD,16.78,0,<LOD,4.95,0,<LOD,1.25,0,<LOD,6.02,0,<LOD,3.91,0,<LOD,5.14,0,<LOD,85.54,0,154.2,27.21,0,775893.5,817.62,0,15.78,1.77,0,18.33,1.67,0,<LOD,76.05,0,<LOD,1.5,0,<LOD,1.5,0,<LOD,1.5,0,36747.03,645.36,0,839.65,50.15,0,135646.19,695.63,0,<LOD,10.72,0,<LOD,3506.95,0
19,8/28/2017 16:15,TestAll Geo,300.73,ppm,2,-8mm ,H087,2.91,1.58,0,203.88,3.2,0,125.53,2.56,0,<LOD,5.24,0,147.49,3.24,0,8.34,2.09,0,34.39,3.59,0,<LOD,4.42,0,<LOD,2.53,0,12,2.95,0,<LOD,7.55,0,128.19,7.24,0,<LOD,17.63,0,34.52,8.84,0,43.49,10.66,0,<LOD,114.09,0,51940.27,290.8,0,1081.19,49.26,0,71.01,8.56,0,111.96,16.21,0,3375.61,54.97,0,<LOD,7.39,0,27775.75,238.45,0,32149.06,346.16,0,250.94,17.31,0,300.73,20.51,0,1.45,0.96,0,22.83,14.45,0,<LOD,6.48,0,<LOD,1.65,0,<LOD,7.85,0,8.9,3.64,0,<LOD,6.72,0,<LOD,100.98,0,<LOD,44.06,0,492924.91,1689.57,0,16.87,1.95,0,29.04,2.04,0,<LOD,94.05,0,<LOD,1.5,0,<LOD,1.5,0,<LOD,1.5,0,91877.06,1631.66,0,2892.67,90.94,0,269142.81,1028.01,0,69.75,10.82,0,23959.94,4188.52,0
70,8/29/2017 16:17,TestAll Geo,300.47,ppm,2,-8mm ,H087,<LOD,2.35,0,223.45,3.32,0,152.57,2.78,0,<LOD,5.26,0,139.14,3.14,0,10.97,2.13,0,32.59,3.5,0,<LOD,4.42,0,<LOD,2.49,0,12.94,2.91,0,<LOD,7.28,0,117.02,6.91,0,<LOD,16.95,0,48.9,8.96,0,102.8,11.22,0,146.15,72.03,0,47540.98,274.84,0,913.9,46.47,0,87.44,9.33,0,131.4,17.45,0,3585.22,58.79,0,11.99,5.35,0,26506.39,230.31,0,31611.91,338.53,0,122.35,15.02,0,654.7,21.66,0,12.18,0.97,0,99.6,14.62,0,22.18,4.37,0,4.03,1.11,0,16.05,5.28,0,13.26,3.64,0,<LOD,6.68,0,<LOD,96.66,0,97.91,30.67,0,407293.22,1911.48,0,15.99,1.93,0,28.07,2,0,<LOD,86.96,0,<LOD,1.5,0,<LOD,1.5,0,<LOD,1.5,0,125169.8,2019.66,0,1099.53,87.21,0,324571.31,1085.93,0,<LOD,13.59,0,28656.57,4183.3,0
20,8/28/2017 16:30,TestAll Geo,301.02,ppm,2,-8mm ,H088,3.46,1.47,0,197.52,2.87,0,94.8,2.08,0,<LOD,5.91,0,257.5,3.85,0,10.24,1.97,0,20.83,2.9,0,<LOD,3.96,0,<LOD,2.27,0,14.97,2.5,0,11.73,4.64,0,62.18,5.23,0,<LOD,15.13,0,27.16,7.56,0,58.78,9.36,0,<LOD,67.98,0,24060.99,176.32,0,200.23,29.23,0,75.26,7.79,0,104.5,14.9,0,3683.94,50.98,0,<LOD,4.29,0,10207.61,136.62,0,30218.2,299.66,0,137.1,14.4,0,354.02,18.6,0,10.65,0.89,0,39.18,13.07,0,9,3.92,0,2.15,1,0,<LOD,7.1,0,<LOD,4.78,0,<LOD,6.14,0,<LOD,85.22,0,<LOD,40.92,0,489938.94,1588.72,0,15.84,1.84,0,26.7,2.09,0,<LOD,86.26,0,<LOD,1.5,0,<LOD,1.5,0,<LOD,1.5,0,103144.24,1539.45,0,719.81,79.64,0,321681.38,1117.64,0,60.32,9.61,0,13797.87,3196.63,0
71,8/29/2017 16:30,TestAll Geo,301.4,ppm,2,-8mm ,H088,<LOD,2.23,0,194.75,2.93,0,95.88,2.14,0,7.27,4.08,0,256.32,3.94,0,10.26,2.01,0,22.24,3.01,0,<LOD,4.13,0,<LOD,2.33,0,14.22,2.57,0,8.77,4.61,0,63.46,5.36,0,<LOD,15.05,0,31.87,7.69,0,38.22,9.2,0,70.18,46.65,0,24307.14,180.87,0,152.38,29.16,0,82.67,8.22,0,101.81,15.68,0,4146.67,54.35,0,<LOD,3.65,0,5697.2,90.41,0,30242.38,298.57,0,131,13.98,0,448.13,18.75,0,14.78,0.89,0,58.48,13.01,0,12.47,3.89,0,2.61,0.99,0,9.21,4.71,0,6.06,3.18,0,<LOD,6.12,0,<LOD,85.7,0,80.76,27.24,0,426809,1750.81,0,16.15,1.88,0,26.3,2.13,0,<LOD,88.23,0,<LOD,1.5,0,<LOD,1.5,0,<LOD,1.5,0,113661.32,1694.83,0,516.68,85.93,0,376013.84,1226.33,0,<LOD,20.46,0,16092.86,3317.05,0
21,8/28/2017 16:44,TestAll Geo,301.89,ppm,2,-8mm ,H089,3.58,1.77,0,233.66,3.67,0,127.47,2.8,0,8.67,4.36,0,201.31,4.07,0,11.16,2.33,0,30.61,3.79,0,<LOD,4.67,0,<LOD,2.77,0,10.8,3.11,0,<LOD,8.39,0,95.39,7.2,0,<LOD,20.12,0,34.55,10.17,0,46.15,11.76,0,<LOD,83.97,0,26206,217.79,0,180.71,34.84,0,62.34,5.09,0,64.52,9.35,0,2036.48,31.57,0,<LOD,3.46,0,17334.86,179.8,0,27884.22,306.9,0,214.86,20.32,0,683.1,26.52,0,13.09,1.19,0,103.08,17.83,0,22.43,5.32,0,4.86,1.35,0,17.13,6.44,0,8.64,4.31,0,<LOD,7.96,0,<LOD,111.74,0,54.89,35.63,0,552187.06,1646.36,0,18.99,2.19,0,27.51,2.36,0,<LOD,99.93,0,<LOD,1.5,0,<LOD,1.5,0,<LOD,1.5,0,84826.8,1939.82,0,1441.8,90.75,0,283207.53,1204.74,0,559.31,15.17,0,<LOD,8639.42,0
72,8/29/2017 16:38,TestAll Geo,301.33,ppm,2,-8mm ,H089,<LOD,2.31,0,264.29,3.37,0,145.87,2.59,0,14.37,3.95,0,210.73,3.63,0,12.88,2.1,0,38.95,3.55,0,<LOD,4.15,0,<LOD,2.45,0,17.9,2.99,0,6.29,2.84,0,111.17,6.53,0,<LOD,17.05,0,220.68,11.45,0,219.72,11.81,0,93.78,49.52,0,26596.17,190.82,0,233.15,31.43,0,80.99,7.38,0,107.86,15.01,0,3719.88,51.13,0,<LOD,5.56,0,19779.5,177.69,0,29248.02,288.71,0,665.21,19.04,0,664.24,21.44,0,9.65,0.95,0,75.46,14.23,0,18.62,4.28,0,4.79,1.1,0,14.53,5.18,0,7.6,3.47,0,9.83,4.54,0,<LOD,90.75,0,68.12,29.06,0,434098.81,1812.56,0,21.26,1.94,0,26.63,2.07,0,<LOD,88.79,0,<LOD,1.5,0,<LOD,1.5,0,<LOD,1.5,0,130331.86,1983.4,0,2321.57,91.15,0,326159.56,1119.7,0,759.65,13.23,0,22616.67,3713.92,0
22,8/28/2017 17:17,TestAll Geo,301.71,ppm,2,-8mm ,H092,3.34,1.62,0,224.8,3.41,0,166.27,2.95,0,<LOD,5.23,0,132.84,3.14,0,8.9,2.05,0,31,3.52,0,<LOD,4.37,0,<LOD,2.56,0,12.91,2.94,0,<LOD,7.82,0,101.94,6.81,0,<LOD,18.17,0,36.58,9.13,0,63.08,10.88,0,<LOD,80.2,0,26988.25,205.49,0,456.7,37.9,0,56.47,6.23,0,73.65,12.12,0,3153.16,42.75,0,15.85,4.54,0,39620.24,271.26,0,25498.88,285.08,0,258.84,66.12,0,369.14,21.6,0,6.05,1.02,0,58.49,15.28,0,10.91,4.56,0,2.68,1.16,0,9.96,5.55,0,8.32,3.77,0,9.19,4.89,0,<LOD,97.4,0,<LOD,47.08,0,444958.75,1890.84,0,15.82,1.94,0,25.22,1.99,0,<LOD,85.08,0,<LOD,1.5,0,<LOD,1.5,0,<LOD,1.5,0,106885.62,1884.16,0,1218.64,91.23,0,316118.47,1131.97,0,<LOD,15.36,0,31878,4331.98,0
73,8/29/2017 16:45,TestAll Geo,300.07,ppm,2,-8mm ,H092,<LOD,2.39,0,237.19,3.45,0,170.19,2.96,0,<LOD,5.27,0,131.13,3.11,0,10.26,2.08,0,34.55,3.61,0,6.96,3.2,0,<LOD,2.66,0,11.87,2.97,0,<LOD,7.86,0,109.7,6.89,0,<LOD,17.79,0,44.83,9.07,0,102.82,11.14,0,<LOD,76.17,0,24956.53,194.32,0,476.65,38.61,0,52.75,5.66,0,77.18,11.17,0,3067.14,39.17,0,8.51,3.78,0,28852.36,206.6,0,22585.99,241.18,0,48.88,14.51,0,1000.36,25,0,31.18,1.13,0,240.96,16.94,0,54.85,5.05,0,10.97,1.28,0,29.81,5.92,0,17.99,4.06,0,12.87,5.12,0,383.6,74.09,0,261.68,35.03,0,490617.53,1793.92,0,15.48,1.93,0,24.67,1.98,0,<LOD,86.28,0,<LOD,1.5,0,<LOD,1.5,0,<LOD,1.5,0,96321.42,1581.34,0,863.77,79.34,0,293578.13,1109,0,85.51,9.98,0,34492.34,3787.18,0
23,8/28/2017 17:28,TestAll Geo,300.28,ppm,2,-8mm ,H095,3.44,1.58,0,350.26,3.76,0,101.01,2.19,0,4.93,2.81,0,76.79,2.31,0,11.63,1.91,0,24.36,3.04,0,<LOD,4.11,0,<LOD,2.38,0,6.56,2.44,0,<LOD,6.92,0,42.21,4.88,0,<LOD,15.6,0,32.62,7.65,0,57.39,9.41,0,<LOD,69.58,0,23931.33,179.54,0,203.97,30.76,0,169.29,9.38,0,198.9,21.52,0,10192.41,222.13,0,<LOD,3.79,0,5978.36,84.48,0,10356.7,173.87,0,63.46,11.62,0,405.12,16.82,0,10.52,0.8,0,55.55,11.78,0,9.99,3.5,0,2.11,0.89,0,<LOD,6.28,0,<LOD,4.27,0,<LOD,5.3,0,239.05,57.95,0,191.19,27.4,0,511898.13,1514.91,0,42.45,2.02,0,29.29,1.78,0,<LOD,76.98,0,<LOD,1.5,0,<LOD,1.5,0,<LOD,1.5,0,98107.3,1678.63,0,547.7,75.24,0,336995.34,1166.52,0,<LOD,10.29,0,<LOD,6155.73,0
74,8/29/2017 17:10,TestAll Geo,302.26,ppm,2,-8mm ,H095,5.04,1.63,0,345.92,3.84,0,103.16,2.27,0,4.62,2.85,0,72.97,2.31,0,10.4,1.92,0,22.89,3.07,0,<LOD,4.15,0,<LOD,2.43,0,4.49,2.42,0,<LOD,6.98,0,39.15,4.9,0,<LOD,15.76,0,19.34,7.61,0,43.88,9.58,0,99.33,50.08,0,26002.22,191.04,0,204.44,31.96,0,176.25,9.17,0,169.37,20.53,0,10013.16,224.52,0,<LOD,4.06,0,7323.86,90.38,0,8434.69,122.2,0,144.13,12.57,0,489.28,18.27,0,13.14,0.86,0,100.71,12.86,0,17.51,3.8,0,3.36,0.96,0,12.9,4.6,0,7.19,3.09,0,<LOD,5.71,0,153.91,60.51,0,177.23,28.79,0,511406.03,1580,0,42.09,2.06,0,29.03,1.8,0,<LOD,77.95,0,<LOD,1.5,0,<LOD,1.5,0,<LOD,1.5,0,95025.15,1306.44,0,819.02,75.49,0,331204.75,1160.79,0,<LOD,11.05,0,6772.87,2643.95,0
24,8/28/2017 17:47,TestAll Geo,301.21,ppm,2,-8mm ,H100,3.54,1.52,0,156.8,3.16,0,490.38,4.75,0,5.45,3.39,0,103.39,2.75,0,7.61,1.92,0,18.52,2.98,0,4.7,3,0,<LOD,2.53,0,24.99,2.83,0,5.94,2.96,0,75.75,5.92,0,<LOD,16.32,0,34.34,8.16,0,46.28,9.86,0,<LOD,84.12,0,31439.94,215.18,0,560.96,39.1,0,132.89,22.75,0,111.35,17.48,0,3123.67,58.77,0,29.44,9.22,0,69979.55,373.29,0,18651.13,244.37,0,209.16,15.45,0,861.85,21.12,0,14.11,0.91,0,96.88,13.6,0,20.07,4.05,0,4.31,1.03,0,13.68,4.88,0,6.53,3.27,0,<LOD,6.25,0,137.88,62.61,0,172.4,29.82,0,548101.75,1457.25,0,10.61,1.78,0,22.03,1.8,0,<LOD,78.3,0,<LOD,1.5,0,<LOD,1.5,0,<LOD,1.5,0,71973.2,1304.19,0,1577.95,80.32,0,243079.81,956.39,0,<LOD,12.31,0,8226.27,3564.01,0
75,8/29/2017 17:18,TestAll Geo,300.8,ppm,2,-8mm ,H100,3.3,1.55,0,184.06,3.32,0,482.04,4.73,0,9.1,3.46,0,102.49,2.76,0,8.23,1.96,0,24.29,3.2,0,5.58,3.05,0,<LOD,2.57,0,17.54,2.8,0,8.4,3.02,0,75.6,5.93,0,<LOD,16.38,0,35.17,8.22,0,60.89,10.08,0,<LOD,82.59,0,30232.54,210.89,0,530.3,38.63,0,126.62,22.58,0,95.97,17.34,0,3335.78,59.13,0,25.49,9.13,0,70795.19,372.26,0,19211.71,242.95,0,214.86,15.86,0,927.01,21.25,0,15.88,0.91,0,105.03,13.56,0,20.64,4.02,0,4.61,1.03,0,9.84,4.8,0,7.44,3.26,0,<LOD,6.17,0,217.28,62.94,0,185.99,29.83,0,504640.59,1596.29,0,11.96,1.81,0,19.89,1.78,0,<LOD,79.61,0,<LOD,1.5,0,<LOD,1.5,0,<LOD,1.5,0,81436.74,1503.66,0,1925.32,87.23,0,264820.84,994.4,0,<LOD,12.84,0,19699.6,4017.09,0
25,8/28/2017 18:00,TestAll Geo,300.4,ppm,2,-8mm ,H102,<LOD,2.22,0,107.9,2.75,0,334.84,4.02,0,5.78,3.32,0,97.69,2.72,0,8.56,1.95,0,16.03,2.92,0,<LOD,4.46,0,<LOD,2.57,0,8.41,2.43,0,<LOD,7.64,0,85.32,6.28,0,<LOD,17.25,0,48.12,8.89,0,81.37,10.71,0,<LOD,84.54,0,30512.76,216.9,0,730.9,42.69,0,67.14,8.47,0,82.02,14.62,0,2545.66,50.77,0,47.47,10.89,0,108686.97,508.05,0,19351.8,253.81,0,753.86,22.69,0,698.52,21.78,0,17.8,0.99,0,122.39,14.77,0,24.67,4.39,0,5.25,1.11,0,16.92,5.28,0,6.31,3.5,0,8.26,4.58,0,239.87,66.89,0,203.92,31.74,0,493886.19,1631.4,0,9.49,1.79,0,15.53,1.72,0,<LOD,78.95,0,<LOD,1.5,0,<LOD,1.5,0,<LOD,1.5,0,72868.88,1614.42,0,417.05,86.52,0,244121.03,983.14,0,<LOD,14.71,0,23001.5,4990.6,0
76,8/29/2017 17:25,TestAll Geo,300.17,ppm,2,-8mm ,H102,<LOD,2.4,0,108.81,2.98,0,347.6,4.41,0,5.69,3.6,0,100.27,2.96,0,4.73,1.99,0,17.9,3.23,0,<LOD,4.95,0,<LOD,2.85,0,6.92,2.64,0,<LOD,8.68,0,86.52,6.95,0,23.27,13.77,0,36.62,9.95,0,71.8,11.89,0,<LOD,91.36,0,30874.43,235.38,0,750.82,46.29,0,52.7,6.49,0,57.38,11.15,0,1968.1,38.95,0,24.9,8.23,0,109471.76,539.8,0,19643.13,264.1,0,682.32,24.51,0,625.57,25.37,0,15.31,1.17,0,121,17.48,0,24.91,5.21,0,5.6,1.33,0,23.09,6.36,0,10.7,4.24,0,8.31,5.42,0,128.57,77.01,0,169.45,36.7,0,485531.69,1777.89,0,11.07,1.92,0,16.72,1.87,0,<LOD,80.91,0,<LOD,1.5,0,<LOD,1.5,0,<LOD,1.5,0,77440.77,1775.4,0,511.69,92.61,0,248157.41,1034.76,0,<LOD,17.43,0,21272.01,5386.71,0
26,8/28/2017 18:12,TestAll Geo,300.73,ppm,2,-8mm ,H111,2.84,1.56,0,209.45,3.17,0,120.62,2.47,0,<LOD,5.36,0,154.51,3.26,0,9.18,2.06,0,31.84,3.45,0,<LOD,4.43,0,<LOD,2.55,0,11.45,2.83,0,<LOD,7.43,0,110.86,6.71,0,<LOD,16.82,0,28.6,8.29,0,68.69,10.51,0,<LOD,104.82,0,46541.96,269.87,0,464.9,38.79,0,101.18,9.67,0,125.76,17.88,0,3931.4,60.81,0,6.27,2.97,0,6385.11,106.93,0,29719.9,330.73,0,74.23,13.46,0,646.98,20.99,0,11.83,0.94,0,86.21,14.08,0,20.5,4.22,0,5.05,1.08,0,8.19,5.01,0,5.69,3.38,0,<LOD,6.51,0,<LOD,95.5,0,125.6,30.27,0,486467.47,1711.59,0,17.69,1.92,0,30.16,2.04,0,<LOD,84.98,0,<LOD,1.5,0,<LOD,1.5,0,<LOD,1.5,0,104225.48,1581.12,0,442.55,73.83,0,293280.88,1068.96,0,45.02,9.22,0,25277.79,3517.94,0
77,8/29/2017 17:32,TestAll Geo,300.9,ppm,2,-8mm ,H111,2.95,1.58,0,209.48,3.24,0,150.18,2.76,0,5.68,3.7,0,161.26,3.37,0,12.46,2.17,0,26.37,3.33,0,5.26,3.09,0,<LOD,2.65,0,16.03,2.85,0,5.49,2.91,0,109.43,6.75,0,<LOD,16.7,0,35.55,8.41,0,77.02,10.62,0,<LOD,103.61,0,44454.23,265.57,0,1055.27,48.45,0,71.6,10.12,0,124.18,19.19,0,3940.59,65.72,0,<LOD,12.53,0,50358,315.19,0,26942.03,305.5,0,342.8,16.3,0,658.84,20.16,0,15.7,0.92,0,115.31,13.72,0,21.32,4.06,0,5.01,1.04,0,12.65,4.86,0,7.24,3.27,0,<LOD,6.29,0,193.67,63.83,0,181.76,30.31,0,469026.94,1742.05,0,17.93,1.97,0,28.43,2.05,0,<LOD,94.72,0,<LOD,1.5,0,<LOD,1.5,0,<LOD,1.5,0,99259.33,1680.91,0,1188.93,80.84,0,272548.09,989.89,0,682.47,12.5,0,27571.52,4090.4,0
27,8/28/2017 18:24,TestAll Geo,301.77,ppm,2,-8mm ,H112,2.52,1.57,0,138.86,3.13,0,444.02,4.7,0,5.92,3.9,0,156.45,3.41,0,9.05,2.1,0,11.65,2.84,0,<LOD,4.55,0,<LOD,2.59,0,17.25,2.62,0,<LOD,7.84,0,73.6,6.21,0,<LOD,18.56,0,46.24,9.26,0,81.17,11.2,0,<LOD,100.26,0,40430.51,260.17,0,934.92,47.49,0,79.77,8.9,0,94.88,15.7,0,2983.39,54.44,0,34.57,9.89,0,94994.48,476.2,0,12244.61,222.44,0,75.2,17.17,0,652.64,23.35,0,16.05,1.07,0,129.27,16.05,0,28.91,4.79,0,5.29,1.21,0,18.8,5.75,0,12.55,3.92,0,9.39,4.98,0,116.95,70.24,0,131.45,33.3,0,474056.22,1710.73,0,12.43,1.91,0,20.04,1.97,0,<LOD,85.95,0,<LOD,1.5,0,<LOD,1.5,0,<LOD,1.5,0,86541.59,1783.88,0,1294.14,93.35,0,263030.91,1032.42,0,<LOD,14.98,0,19867.33,4871.29,0
78,8/29/2017 17:43,TestAll Geo,302.25,ppm,2,-8mm ,H112,2.5,1.56,0,150.1,3.15,0,424.35,4.56,0,6.11,3.75,0,139.75,3.22,0,8.42,2.05,0,15.2,2.96,0,5.93,3.17,0,<LOD,2.67,0,20.62,2.75,0,<LOD,7.76,0,67.69,5.96,0,<LOD,17.82,0,36.93,8.83,0,99.79,11.3,0,153.47,67.87,0,41404.13,258.46,0,898.68,46.59,0,106.1,10.4,0,119.91,18.53,0,3863.96,64.85,0,34.07,11.32,0,96105.94,472.34,0,13416.62,234.11,0,287.92,18.08,0,590.55,20.9,0,14.07,0.96,0,89.31,14.25,0,19.39,4.25,0,4.21,1.08,0,9.92,5.09,0,9.49,3.49,0,<LOD,6.57,0,228.17,67.44,0,189.49,31.97,0,411861.47,1882.97,0,15.27,1.9,0,20.46,1.91,0,<LOD,93.98,0,<LOD,1.5,0,<LOD,1.5,0,<LOD,1.5,0,105573.83,2072.05,0,1263.94,94.59,0,287495.78,1021.6,0,53.1,10.58,0,34265.66,5199.38,0
28,8/28/2017 18:48,TestAll Geo,301.81,ppm,2,-8mm ,H114,2.64,1.67,0,282,3.72,0,105.12,2.42,0,4.91,3.27,0,102.19,2.82,0,12.3,2.1,0,34.03,3.64,0,<LOD,4.33,0,<LOD,2.55,0,6.71,2.89,0,<LOD,8.02,0,62.86,6.01,0,<LOD,18.85,0,25.52,9.03,0,51.64,10.68,0,<LOD,49.06,0,7607.13,91.37,0,183.77,31.29,0,98.04,4.73,0,89.74,10.53,0,4865.61,38.4,0,<LOD,2.09,0,4138.4,48.12,0,14323.43,193.51,0,404.95,19.82,0,452.04,21.86,0,9.93,1.02,0,69.13,15.24,0,14.51,4.54,0,2.39,1.15,0,<LOD,8.09,0,<LOD,5.5,0,<LOD,7.02,0,<LOD,106.59,0,125.89,33.77,0,503957.56,1812.14,0,30.49,2.13,0,32.56,2.05,0,<LOD,87.49,0,<LOD,1.5,0,<LOD,1.5,0,<LOD,1.5,0,124716.47,2588.34,0,648.41,87.55,0,327870.28,1337.54,0,67.79,12.19,0,<LOD,7920.68,0
79,8/29/2017 17:49,TestAll Geo,300,ppm,2,-8mm ,H114,<LOD,2.32,0,310.74,3.58,0,119.35,2.36,0,5.28,3.06,0,106.58,2.65,0,14.58,2,0,31.99,3.3,0,<LOD,3.85,0,<LOD,2.34,0,6.28,2.61,0,<LOD,3.97,0,54.59,5.2,0,<LOD,15.73,0,30.47,7.91,0,51.52,9.42,0,<LOD,45.66,0,10317.2,118.16,0,154.81,28.3,0,107.08,5.58,0,93.98,12.62,0,6284.86,46.69,0,<LOD,4.35,0,22262.55,159.58,0,12312.9,162.47,0,115.82,14.36,0,488.68,20.22,0,11.45,0.94,0,102.87,14.24,0,22.43,4.25,0,4.02,1.07,0,13.94,5.1,0,8.09,3.43,0,<LOD,6.39,0,<LOD,91.95,0,92.77,29.28,0,510579.03,1648.55,0,32.23,1.99,0,33.97,1.92,0,<LOD,83.06,0,<LOD,1.5,0,<LOD,1.5,0,<LOD,1.5,0,128962.59,2095.25,0,787.82,76.89,0,304246.13,1143.93,0,<LOD,12.98,0,<LOD,5880.86,0
80,8/29/2017 18:27,TestAll Geo,300.47,ppm,2,-8mm ,H114,<LOD,2.3,0,310.3,3.55,0,116.94,2.32,0,6.41,3.05,0,105.22,2.62,0,15.71,2.01,0,32.97,3.3,0,<LOD,4.03,0,<LOD,2.33,0,4.76,2.57,0,<LOD,6.87,0,53.04,5.12,0,<LOD,15.46,0,35.19,7.93,0,45.09,9.26,0,<LOD,45.34,0,10167.38,116.45,0,138.71,27.68,0,101.94,5.61,0,98.37,12.78,0,6347.42,47.35,0,<LOD,4.46,0,22317.68,161.09,0,12435.98,165.31,0,117.78,14.42,0,494.81,20.28,0,11.8,0.95,0,106.02,14.29,0,21.22,4.25,0,5.51,1.09,0,13.46,5.1,0,11.23,3.5,0,7.81,4.44,0,<LOD,92.32,0,89.62,29.36,0,504750.66,1673.58,0,31.21,1.97,0,35.26,1.92,0,<LOD,83.11,0,<LOD,1.5,0,<LOD,1.5,0,<LOD,1.5,0,130431.36,1772.01,0,788.74,76.96,0,302566.78,1138.64,0,<LOD,12.99,0,5899.32,2902.51,0
29,8/28/2017 18:55,TestAll Geo,300.1,ppm,2,-8mm ,H124,<LOD,2.28,0,301.58,3.49,0,95.22,2.12,0,5.64,2.71,0,66.95,2.16,0,11.53,1.86,0,22.49,2.93,0,<LOD,4.09,0,<LOD,2.33,0,13.04,2.51,0,<LOD,6.72,0,59.99,5.25,0,<LOD,15.34,0,42.23,7.75,0,71.56,9.43,0,67.92,39.93,0,17992.73,153.4,0,333.25,32.56,0,221.73,9.5,0,206.07,22.11,0,10993.75,226.59,0,5.58,2.84,0,8452.78,95.1,0,12701.12,182.23,0,56.91,11.49,0,648.51,17.6,0,10.97,0.79,0,62.27,11.64,0,13.32,3.48,0,2.09,0.88,0,<LOD,6.21,0,<LOD,4.13,0,<LOD,5.22,0,236.73,57.39,0,185.44,27.12,0,550893.56,1530.17,0,48.79,2.05,0,23.5,1.67,0,<LOD,75.96,0,<LOD,1.5,0,<LOD,1.5,0,<LOD,1.5,0,113695.44,1444.76,0,1450.72,70.97,0,275192.91,1055.51,0,<LOD,10.04,0,6516.81,2507.04,0
81,8/29/2017 18:43,TestAll Geo,301.58,ppm,2,-8mm ,H124,4.62,2.03,0,290.48,4.53,0,87.49,2.69,0,<LOD,5.14,0,65.15,2.8,0,8.95,2.33,0,15.28,3.53,0,<LOD,5.15,0,<LOD,3.02,0,14.52,3.16,0,<LOD,8.52,0,55.09,6.78,0,<LOD,20.14,0,26,10.05,0,45.38,12.18,0,<LOD,77.09,0,17361.82,199.27,0,176.74,39.13,0,193.68,7.77,0,157.79,17.43,0,10369.4,222.03,0,<LOD,3.26,0,6201.31,73.45,0,12014.13,182.52,0,119.88,54.58,0,678.27,19.75,0,13.4,0.89,0,96.83,13.24,0,18.69,3.93,0,3.04,0.99,0,7.69,4.67,0,8.9,3.22,0,<LOD,5.97,0,133.45,61.77,0,172.95,29.4,0,622729.94,1724.72,0,44.63,2.63,0,22.86,2.17,0,<LOD,95.58,0,<LOD,1.5,0,<LOD,1.5,0,<LOD,1.5,0,87579.98,1216.88,0,1220.45,67.36,0,239498.92,1211.01,0,<LOD,11.36,0,<LOD,3479.91,0
30,8/28/2017 19:02,TestAll Geo,301.37,ppm,2,-8mm ,H125,3.83,1.57,0,166.76,2.97,0,137.63,2.67,0,8.73,3.6,0,140.07,3.18,0,13.64,2.14,0,32.22,3.51,0,<LOD,4.52,0,<LOD,2.61,0,10.42,2.87,0,<LOD,7.86,0,51.75,5.56,0,<LOD,18.26,0,93.98,10.06,0,145.92,11.6,0,<LOD,62.18,0,16937.38,159.86,0,371.54,35.65,0,94.36,5.66,0,140.07,11.82,0,4255.95,41.15,0,<LOD,2.47,0,4500.42,58.79,0,19231.18,223.83,0,88.32,14.91,0,675.38,21.73,0,18.66,1,0,117.92,14.77,0,28.45,4.43,0,4.81,1.11,0,9.81,5.19,0,6.53,3.51,0,<LOD,6.63,0,406.22,72.41,0,289.4,34.26,0,572536.44,1581.15,0,23.82,2.03,0,19.39,1.94,0,<LOD,89.87,0,<LOD,1.5,0,<LOD,1.5,0,<LOD,1.5,0,110859.59,1529.64,0,558.24,70.61,0,259456.86,1099.62,0,193,10.65,0,4225.7,2778.13,0
82,8/29/2017 18:49,TestAll Geo,300.86,ppm,2,-8mm ,H125,2.92,1.5,0,204.6,3.06,0,152.76,2.65,0,6.86,3.41,0,143.97,3.05,0,13.99,2.06,0,41.11,3.59,0,4.66,2.89,0,<LOD,2.46,0,12.96,2.93,0,27.92,3.58,0,64.13,5.48,0,25,10.84,0,40.48,7.83,0,72.03,9.58,0,<LOD,66.37,0,21845.27,172.03,0,247.48,31.65,0,155.09,9.84,0,278.68,21.96,0,8387.03,76.72,0,<LOD,4.81,0,9798.12,111.45,0,17957.63,224.29,0,125.83,11.92,0,518.49,17.25,0,12.7,0.8,0,68.19,11.82,0,13.17,3.52,0,2.65,0.89,0,<LOD,6.32,0,<LOD,4.22,0,<LOD,5.41,0,259.72,58.12,0,202.22,27.48,0,457681.81,1853.33,0,26.47,1.96,0,24.82,1.92,0,<LOD,86.17,0,<LOD,1.5,0,<LOD,1.5,0,<LOD,1.5,0,162717.09,2006.7,0,801.43,72.45,0,308606.03,1124.73,0,<LOD,10.14,0,10942.06,2812.6,0
31,8/28/2017 19:08,TestAll Geo,301.45,ppm,2,-8mm ,H126,4.07,1.54,0,213.43,3.13,0,135.02,2.54,0,5.83,3.51,0,156.38,3.2,0,16.58,2.15,0,36.07,3.5,0,<LOD,4.33,0,<LOD,2.51,0,5.84,2.73,0,<LOD,7.21,0,68.86,5.67,0,<LOD,16.5,0,31.87,7.97,0,42.83,9.5,0,84.36,41.08,0,18021.55,158.82,0,199.92,30.57,0,115.56,7.07,0,193.04,15.48,0,6182.51,54.45,0,4.7,2.09,0,5664.73,71.75,0,15735.12,203.15,0,<LOD,78.85,0,535.04,19.47,0,15.31,0.91,0,112.66,13.64,0,19.79,4.03,0,4.51,1.03,0,15.51,4.88,0,7.66,3.27,0,<LOD,6.11,0,146.91,64,0,193.22,30.54,0,567836.25,1554.85,0,31.71,2.05,0,22.19,1.95,0,<LOD,90.14,0,<LOD,1.5,0,<LOD,1.5,0,<LOD,1.5,0,112190.18,1475.29,0,665.38,66.15,0,259376.56,1083.46,0,<LOD,11.4,0,9727.68,2654.55,0
83,8/29/2017 18:55,TestAll Geo,300.87,ppm,2,-8mm ,H126,3.53,1.52,0,228.7,3.18,0,141.71,2.56,0,6.72,3.53,0,162.94,3.22,0,17.41,2.16,0,40,3.57,0,<LOD,4.09,0,<LOD,2.42,0,7.33,2.8,0,10.41,2.94,0,82.94,5.84,0,<LOD,15.59,0,40.15,7.78,0,67.59,9.47,0,<LOD,64.54,0,20843.83,169.38,0,260.38,31.72,0,149.12,9.24,0,243.15,20.79,0,8552.62,73.67,0,4.53,2.47,0,5649.37,85.02,0,16741.81,210.34,0,117.56,11.74,0,519.6,17.34,0,13.11,0.81,0,75.66,11.93,0,16.43,3.56,0,3.34,0.9,0,<LOD,6.35,0,<LOD,4.27,0,<LOD,5.39,0,196.45,57.25,0,201.15,27.22,0,473927.75,1809.7,0,32.2,2.03,0,21.89,1.93,0,<LOD,89.65,0,<LOD,1.5,0,<LOD,1.5,0,<LOD,1.5,0,157813.39,1932.35,0,803.16,70.86,0,302586.66,1138.31,0,<LOD,10.53,0,11279.34,2724.91,0
32,8/28/2017 19:14,TestAll Geo,302,ppm,2,-8mm ,H127,3.7,1.51,0,288.38,3.5,0,281.37,3.42,0,6.36,3.06,0,100.11,2.53,0,11.46,1.89,0,22.33,2.91,0,<LOD,3.88,0,<LOD,2.26,0,4.34,2.29,0,7.38,2.71,0,40.99,4.73,0,<LOD,15.02,0,23.44,7.42,0,27.7,8.94,0,<LOD,69.5,0,25032.08,178.42,0,251.49,30.56,0,156.18,9,0,193.99,22.06,0,13140,265.21,0,4.07,2.57,0,6311,86.67,0,16197.4,224.51,0,103.97,13.45,0,232.56,16.87,0,<LOD,1.18,0,<LOD,17.62,0,<LOD,5.23,0,<LOD,1.33,0,<LOD,6.4,0,<LOD,4.27,0,<LOD,5.48,0,<LOD,132.73,0,<LOD,47.01,0,498663.72,1568.7,0,54.29,2.08,0,28.08,1.77,0,<LOD,77.47,0,<LOD,1.5,0,<LOD,1.5,0,<LOD,1.5,0,120068.05,1616.54,0,705.48,76.81,0,314640.19,1108.28,0,<LOD,11.94,0,<LOD,4229.24,0
84,8/29/2017 19:01,TestAll Geo,301.63,ppm,2,-8mm ,H127,<LOD,2.42,0,302.06,3.84,0,307.97,3.83,0,6.5,3.13,0,78.04,2.45,0,11.98,2.06,0,31.26,3.43,0,<LOD,4.35,0,<LOD,2.52,0,12.12,2.84,0,13.92,3.22,0,77.86,6.02,0,<LOD,16.66,0,40.17,8.5,0,65.73,10.3,0,<LOD,85.7,0,32521.46,220.29,0,572.45,39.89,0,165.13,8.87,0,174.86,21.27,0,12388.78,258.39,0,<LOD,4,0,7205.96,89.32,0,10747.88,188.49,0,331.81,15,0,706.6,21.02,0,15.47,0.95,0,120.41,14.2,0,26.46,4.23,0,4.79,1.07,0,14.38,5.04,0,9.18,3.42,0,<LOD,6.3,0,107.98,64.7,0,190.38,30.98,0,572497.31,1504.78,0,52.4,2.22,0,31.37,1.9,0,<LOD,82.73,0,<LOD,1.5,0,<LOD,1.5,0,<LOD,1.5,0,103103.42,1411.51,0,948.71,69.34,0,250511.06,1032.4,0,162.15,9.5,0,5911.07,2743.71,0
33,8/28/2017 19:21,TestAll Geo,301.81,ppm,2,-8mm ,H138,<LOD,2.26,0,133.2,2.93,0,319.37,3.97,0,4.82,3.14,0,76.21,2.47,0,6.44,1.89,0,20.67,3.11,0,<LOD,4.57,0,<LOD,2.6,0,9.7,2.6,0,<LOD,7.73,0,61.86,5.79,0,<LOD,17.46,0,25.77,8.59,0,66.7,10.65,0,<LOD,80.19,0,27194.6,205.56,0,618.15,40.72,0,122.73,24.15,0,62.46,13.2,0,1941.55,46.42,0,57.96,12.43,0,143602.75,619.26,0,18825.47,253.28,0,274.08,20.09,0,574.99,21.97,0,15.73,1.02,0,110.81,15.23,0,22.25,4.53,0,4.56,1.15,0,19.54,5.52,0,6.91,3.64,0,<LOD,7.02,0,122.89,68.22,0,147.73,32.42,0,492007.56,1672.9,0,9.26,1.77,0,17.16,1.69,0,<LOD,75.33,0,<LOD,1.5,0,<LOD,1.5,0,<LOD,1.5,0,70496.4,1720.61,0,885.72,88.52,0,210505.73,933.45,0,<LOD,16.03,0,30829.29,5745.06,0
34,8/28/2017 19:28,TestAll Geo,302.34,ppm,2,-8mm ,H139,4.13,1.58,0,357.05,3.76,0,70.38,1.87,0,5.51,2.63,0,58.16,2.05,0,10.96,1.85,0,21.52,2.91,0,<LOD,4.11,0,<LOD,2.29,0,15,2.55,0,13.58,3.08,0,35.92,4.65,0,<LOD,14.97,0,27.43,7.42,0,44.74,9.11,0,<LOD,64.14,0,20694.49,165.58,0,159.37,29.07,0,43.74,7.33,0,115.53,16.35,0,5896.68,58.85,0,<LOD,2.81,0,3490.89,63.22,0,8024.35,113.29,0,37.05,10.04,0,525.82,17.68,0,14.38,0.83,0,94.96,12.29,0,21.87,3.68,0,4.35,0.93,0,15.9,4.45,0,7.96,2.98,0,<LOD,5.65,0,108.2,56.91,0,160.7,27.1,0,550646.44,1544.59,0,17.53,1.78,0,16.49,1.57,0,<LOD,75.16,0,<LOD,1.5,0,<LOD,1.5,0,<LOD,1.5,0,120129.88,1350.63,0,220.73,60.02,0,286296.25,1078.29,0,<LOD,8.97,0,<LOD,3169.8,0
87,8/29/2017 19:22,TestAll Geo,302.15,ppm,2,-8mm ,H139,2.7,1.53,0,329.73,3.56,0,75.32,1.89,0,5.84,2.59,0,58.03,2.01,0,10.52,1.81,0,23.33,2.92,0,4.25,2.73,0,<LOD,2.28,0,11.99,2.48,0,9.54,2.86,0,38.76,4.63,0,<LOD,14.65,0,22.03,7.27,0,43.82,9,0,<LOD,64.03,0,21704.32,166.25,0,95.15,27.25,0,37.08,6.78,0,113.31,15.14,0,5653.73,54.62,0,<LOD,2.82,0,3933.65,62.98,0,7808.22,106.65,0,46.89,11.36,0,415.25,17.53,0,10.28,0.83,0,75.21,12.39,0,16.19,3.7,0,2.88,0.93,0,<LOD,6.59,0,<LOD,4.39,0,<LOD,5.7,0,<LOD,84.98,0,107.61,27.14,0,533170.88,1549.05,0,17.8,1.74,0,16.11,1.53,0,<LOD,73.68,0,<LOD,1.5,0,<LOD,1.5,0,<LOD,1.5,0,119827.72,1448.47,0,290.82,66.73,0,301114.13,1098.11,0,<LOD,10.72,0,<LOD,3552.73,0
